exec_id,cl_ord_id,symbol,side,qty,price,trade_time
LP_A-E000001,BR700004-2,XAUUSD,SELL,300.0,4085.73,2025-10-15 11:30:34.542
LP_A-E000002,BR700005-1,EURUSD,SELL,262000.0,1.16252,2025-10-15 11:30:43.627
LP_A-E000003,BR700032-1,EURUSD,BUY,232000.0,1.16267,2025-10-15 11:33:16.920
LP_A-E000004,BR700035-1,EURUSD,SELL,99000.0,1.16264,2025-10-15 11:33:28.228
LP_A-E000005,BR700036-1,GBPUSD,SELL,26000.0,1.33485,2025-10-15 11:33:29.246
LP_A-E000006,BR700037-1,EURUSD,BUY,139000.0,1.16266,2025-10-15 11:33:29.763
LP_A-E000007,BR700043-1,EURUSD,SELL,92000.0,1.16263,2025-10-15 11:33:39.671
LP_A-E000008,BR700044-1,EURUSD,SELL,93000.0,1.16263,2025-10-15 11:33:41.685
LP_A-E000009,BR700047-1,EURUSD,SELL,44000.0,1.16261,2025-10-15 11:33:52.697
LP_A-E000010,BR700053-1,XAUUSD,BUY,84.0,4086.71,2025-10-15 11:34:17.487
LP_A-E000011,BR700054-1,XAUUSD,SELL,104.0,4086.5,2025-10-15 11:34:19.205
LP_A-E000012,BR700056-2,XAUUSD,SELL,37.0,4086.45,2025-10-15 11:34:25.067
LP_A-E000013,BR700057-1,XAUUSD,SELL,228.0,4086.45,2025-10-15 11:34:25.401
LP_A-E000014,BR700058-1,EURUSD,BUY,660000.0,1.16259,2025-10-15 11:34:36.455
LP_A-E000015,BR700061-1,EURUSD,BUY,198000.0,1.16254,2025-10-15 11:34:43.952
LP_A-E000016,BR700063-2,XAUUSD,BUY,300.0,4086.53,2025-10-15 11:35:03.330
LP_A-E000017,BR700064-1,EURUSD,BUY,70000.0,1.16255,2025-10-15 11:35:04.664
LP_A-E000018,BR700073-1,EURUSD,BUY,20000.0,1.1626,2025-10-15 11:35:54.155
LP_A-E000019,BR700077-1,XAUUSD,BUY,50.0,4086.39,2025-10-15 11:36:05.950
LP_A-E000020,BR700079-1,EURUSD,BUY,226000.0,1.16256,2025-10-15 11:36:19.326
LP_A-E000021,BR700083-1,XAUUSD,BUY,30.0,4086.47,2025-10-15 11:36:42.358
LP_A-E000022,BR700086-1,EURUSD,BUY,141000.0,1.1625,2025-10-15 11:36:52.940
LP_A-E000023,BR700088-1,EURUSD,BUY,164000.0,1.16249,2025-10-15 11:36:58.141
LP_A-E000024,BR700090-1,EURUSD,SELL,790000.0,1.16247,2025-10-15 11:37:06.683
LP_A-E000025,BR700091-1,XAUUSD,BUY,139.0,4086.57,2025-10-15 11:37:12.704
LP_A-E000026,BR700094-2,XAUUSD,BUY,54.0,4086.41,2025-10-15 11:37:31.162
LP_A-E000027,BR700095-2,EURUSD,SELL,191000.0,1.16243,2025-10-15 11:37:36.664
LP_A-E000028,BR700100-2,XAUUSD,BUY,89.0,4086.13,2025-10-15 11:38:06.480
LP_A-E000029,BR700101-1,XAUUSD,BUY,93.0,4086.13,2025-10-15 11:38:08.177
LP_A-E000030,BR700109-1,EURUSD,BUY,98000.0,1.16262,2025-10-15 11:39:07.476
LP_A-E000031,BR700124-2,XAUUSD,SELL,206.0,4085.57,2025-10-15 11:40:16.289
LP_A-E000032,BR700130-1,GBPUSD,BUY,21000.0,1.33516,2025-10-15 11:40:30.700
LP_A-E000033,BR700146-1,EURUSD,SELL,296000.0,1.16263,2025-10-15 11:42:17.223
LP_A-E000034,BR700147-2,EURUSD,SELL,50000.0,1.16261,2025-10-15 11:42:30.305
LP_A-E000035,BR700153-1,EURUSD,BUY,87000.0,1.16267,2025-10-15 11:42:56.562
LP_A-E000036,BR700156-2,EURUSD,BUY,85000.0,1.16263,2025-10-15 11:43:38.086
LP_A-E000037,BR700157-1,EURUSD,BUY,920000.0,1.16262,2025-10-15 11:43:45.412
LP_A-E000038,BR700158-2,XAUUSD,BUY,26.0,4085.66,2025-10-15 11:43:46.588
LP_A-E000039,BR700162-2,XAUUSD,SELL,119.0,4085.34,2025-10-15 11:44:07.967
LP_A-E000040,BR700165-1,GBPUSD,BUY,23000.0,1.33498,2025-10-15 11:44:25.750
LP_A-E000041,BR700168-1,EURUSD,BUY,60000.0,1.16257,2025-10-15 11:44:45.160
LP_A-E000042,BR700174-1,XAUUSD,SELL,16.0,4085.5,2025-10-15 11:45:08.658
LP_A-E000043,BR700190-1,EURUSD,SELL,580000.0,1.1626,2025-10-15 11:46:08.868
LP_A-E000044,BR700191-1,XAUUSD,SELL,61.0,4085.15,2025-10-15 11:46:13.485
LP_A-E000045,BR700196-1,EURUSD,BUY,109000.0,1.16265,2025-10-15 11:46:26.095
LP_A-E000046,BR700200-1,EURUSD,BUY,22000.0,1.16268,2025-10-15 11:46:39.616
LP_A-E000047,BR700203-2,EURUSD,SELL,1634000.0,1.16264,2025-10-15 11:46:45.118
LP_A-E000048,BR700208-2,XAUUSD,BUY,23.0,4084.86,2025-10-15 11:46:47.737
LP_A-E000049,BR700209-1,EURUSD,SELL,194000.0,1.16265,2025-10-15 11:47:03.739
LP_A-E000050,BR700216-1,EURUSD,BUY,330000.0,1.16266,2025-10-15 11:47:15.147
LP_A-E000051,BR700223-1,XAUUSD,SELL,73.0,4085.31,2025-10-15 11:47:53.649
LP_A-E000052,BR700227-1,EURUSD,SELL,363000.0,1.1626,2025-10-15 11:48:10.191
LP_A-E000053,BR700228-2,GBPUSD,BUY,373000.0,1.33496,2025-10-15 11:48:10.498
LP_A-E000054,BR700232-1,XAUUSD,BUY,425.0,4086.24,2025-10-15 11:48:39.228
LP_A-E000055,BR700236-2,GBPUSD,BUY,304000.0,1.33501,2025-10-15 11:49:05.746
LP_A-E000056,BR700238-2,XAUUSD,SELL,600.0,4086.26,2025-10-15 11:49:09.807
LP_A-E000057,BR700241-1,EURUSD,SELL,310000.0,1.1626,2025-10-15 11:49:15.621
LP_A-E000058,BR700242-1,EURUSD,SELL,970000.0,1.16258,2025-10-15 11:49:21.925
LP_A-E000059,BR700245-1,XAUUSD,BUY,16.0,4086.38,2025-10-15 11:49:39.356
LP_A-E000060,BR700246-1,EURUSD,BUY,58000.0,1.16264,2025-10-15 11:49:47.179
LP_A-E000061,BR700249-1,GBPUSD,BUY,153000.0,1.33509,2025-10-15 11:49:53.446
LP_A-E000062,BR700251-1,GBPUSD,BUY,171000.0,1.33512,2025-10-15 11:50:08.080
LP_A-E000063,BR700252-2,XAUUSD,SELL,140.0,4086.13,2025-10-15 11:50:09.944
LP_A-E000064,BR700255-1,GBPUSD,BUY,95000.0,1.33509,2025-10-15 11:50:23.633
LP_A-E000065,BR700262-1,EURUSD,BUY,41000.0,1.16272,2025-10-15 11:50:56.085
LP_A-E000066,BR700271-1,XAUUSD,SELL,253.0,4086.38,2025-10-15 11:51:56.842
LP_A-E000067,BR700273-2,EURUSD,BUY,1000000.0,1.16275,2025-10-15 11:52:13.645
LP_A-E000068,BR700283-1,XAUUSD,SELL,57.0,4087.59,2025-10-15 11:53:13.943
LP_A-E000069,BR700284-1,EURUSD,BUY,168000.0,1.16281,2025-10-15 11:53:25.433
LP_A-E000070,BR700291-1,GBPUSD,SELL,136000.0,1.33496,2025-10-15 11:54:01.467
LP_A-E000071,BR700301-1,XAUUSD,SELL,43.0,4087.31,2025-10-15 11:54:47.417
LP_A-E000072,BR700302-1,EURUSD,SELL,102000.0,1.16269,2025-10-15 11:54:49.543
LP_A-E000073,BR700305-1,EURUSD,SELL,44000.0,1.1627,2025-10-15 11:54:53.262
LP_A-E000074,BR700307-2,XAUUSD,SELL,135.0,4087.52,2025-10-15 11:54:55.570
LP_A-E000075,BR700309-1,EURUSD,BUY,46000.0,1.16274,2025-10-15 11:54:56.535
LP_A-E000076,BR700311-1,EURUSD,SELL,54000.0,1.16269,2025-10-15 11:55:00.722
LP_A-E000077,BR700313-1,EURUSD,BUY,289000.0,1.1627,2025-10-15 11:55:19.702
LP_A-E000078,BR700318-1,EURUSD,SELL,24000.0,1.16272,2025-10-15 11:55:41.345
LP_A-E000079,BR700325-1,XAUUSD,SELL,79.0,4087.72,2025-10-15 11:56:18.857
LP_A-E000080,BR700328-2,XAUUSD,BUY,600.0,4088.04,2025-10-15 11:56:25.668
LP_A-E000081,BR700341-1,XAUUSD,SELL,29.0,4088.16,2025-10-15 11:57:40.252
LP_A-E000082,BR700342-2,EURUSD,BUY,135000.0,1.16279,2025-10-15 11:57:55.932
LP_A-E000083,BR700343-1,XAUUSD,SELL,57.0,4088.12,2025-10-15 11:58:07.372
LP_A-E000084,BR700346-1,EURUSD,SELL,183000.0,1.16276,2025-10-15 11:58:24.237
LP_A-E000085,BR700349-1,GBPUSD,SELL,119000.0,1.33492,2025-10-15 11:58:39.233
LP_A-E000086,BR700351-2,EURUSD,SELL,25000.0,1.16275,2025-10-15 11:58:51.613
LP_A-E000087,BR700358-1,EURUSD,SELL,71000.0,1.1628,2025-10-15 11:59:49.571
LP_A-E000088,BR700363-2,EURUSD,BUY,59000.0,1.16282,2025-10-15 12:00:03.541
LP_A-E000089,BR700370-2,EURUSD,BUY,40000.0,1.16279,2025-10-15 12:00:31.994
LP_A-E000090,BR700371-1,EURUSD,BUY,830000.0,1.1628,2025-10-15 12:00:38.468
LP_A-E000091,BR700373-1,EURUSD,SELL,920000.0,1.16276,2025-10-15 12:00:41.858
LP_A-E000092,BR700376-1,EURUSD,SELL,97000.0,1.16275,2025-10-15 12:00:44.979
LP_A-E000093,BR700381-1,EURUSD,SELL,850000.0,1.16277,2025-10-15 12:01:05.492
LP_A-E000094,BR700385-1,XAUUSD,SELL,194.0,4088.14,2025-10-15 12:01:35.602
LP_A-E000095,BR700386-1,XAUUSD,BUY,215.0,4088.47,2025-10-15 12:01:45.720
LP_A-E000096,BR700390-1,XAUUSD,SELL,305.0,4088.51,2025-10-15 12:02:09.007
LP_A-E000097,BR700400-1,XAUUSD,BUY,118.0,4088.31,2025-10-15 12:02:53.958
LP_A-E000098,BR700401-1,EURUSD,SELL,38000.0,1.16287,2025-10-15 12:02:54.650
LP_A-E000099,BR700407-1,EURUSD,BUY,820000.0,1.1629,2025-10-15 12:03:17.352
LP_A-E000100,BR700410-2,EURUSD,BUY,368000.0,1.16291,2025-10-15 12:03:26.534
LP_A-E000101,BR700421-2,XAUUSD,BUY,300.0,4087.8,2025-10-15 12:04:29.300
LP_A-E000102,BR700423-1,XAUUSD,BUY,600.0,4088.28,2025-10-15 12:05:00.638
LP_A-E000103,BR700428-2,XAUUSD,BUY,450.0,4089.03,2025-10-15 12:05:11.485
LP_A-E000104,BR700430-3,XAUUSD,BUY,559.0,4089.2,2025-10-15 12:05:13.174
LP_A-E000105,BR700433-3,XAUUSD,BUY,300.0,4089.29,2025-10-15 12:05:17.632
LP_A-E000106,BR700437-3,XAUUSD,BUY,500.0,4089.64,2025-10-15 12:05:23.670
LP_A-E000107,BR700441-3,XAUUSD,BUY,300.0,4090.08,2025-10-15 12:05:29.628
LP_A-E000108,BR700446-3,XAUUSD,BUY,300.0,4090.28,2025-10-15 12:05:35.604
LP_A-E000109,BR700449-2,XAUUSD,BUY,450.0,4090.55,2025-10-15 12:05:41.480
LP_A-E000110,BR700452-2,XAUUSD,BUY,450.0,4090.79,2025-10-15 12:05:47.471
LP_A-E000111,BR700454-2,XAUUSD,SELL,36.0,4090.68,2025-10-15 12:05:51.142
LP_A-E000112,BR700458-3,XAUUSD,BUY,400.0,4091.0,2025-10-15 12:05:53.659
LP_A-E000113,BR700460-3,XAUUSD,BUY,123.0,4091.0,2025-10-15 12:05:54.115
LP_A-E000114,BR700463-3,XAUUSD,BUY,450.0,4091.49,2025-10-15 12:05:59.626
LP_A-E000115,BR700465-3,XAUUSD,BUY,206.0,4091.63,2025-10-15 12:06:00.909
LP_A-E000116,BR700468-3,XAUUSD,BUY,450.0,4091.91,2025-10-15 12:06:05.617
LP_A-E000117,BR700471-2,XAUUSD,BUY,500.0,4092.24,2025-10-15 12:06:11.499
LP_A-E000118,BR700475-3,XAUUSD,BUY,300.0,4092.37,2025-10-15 12:06:17.628
LP_A-E000119,BR700480-2,XAUUSD,BUY,450.0,4092.78,2025-10-15 12:06:23.487
LP_A-E000120,BR700482-1,EURUSD,SELL,65000.0,1.16288,2025-10-15 12:06:23.982
LP_A-E000121,BR700486-2,GBPUSD,BUY,320000.0,1.33529,2025-10-15 12:06:39.604
LP_A-E000122,BR700487-1,GBPUSD,SELL,33000.0,1.33523,2025-10-15 12:06:40.831
LP_A-E000123,BR700488-1,GBPUSD,BUY,139000.0,1.33529,2025-10-15 12:06:42.271
LP_A-E000124,BR700491-1,EURUSD,SELL,75000.0,1.16288,2025-10-15 12:06:53.297
LP_A-E000125,BR700492-1,EURUSD,SELL,48000.0,1.1629,2025-10-15 12:06:55.814
LP_A-E000126,BR700493-3,XAUUSD,BUY,33.0,4093.17,2025-10-15 12:07:08.454
LP_A-E000127,BR700496-1,EURUSD,BUY,143000.0,1.16294,2025-10-15 12:07:19.627
LP_A-E000128,BR700498-1,EURUSD,SELL,50000.0,1.16294,2025-10-15 12:07:27.362
LP_A-E000129,BR700501-1,GBPUSD,SELL,113000.0,1.33531,2025-10-15 12:07:47.641
LP_A-E000130,BR700509-1,GBPUSD,SELL,186000.0,1.33537,2025-10-15 12:08:40.360
LP_A-E000131,BR700513-1,GBPUSD,SELL,119000.0,1.33541,2025-10-15 12:09:15.155
LP_A-E000132,BR700516-1,XAUUSD,BUY,400.0,4091.65,2025-10-15 12:09:22.906
LP_A-E000133,BR700519-1,EURUSD,SELL,85000.0,1.16294,2025-10-15 12:09:39.546
LP_A-E000134,BR700526-1,XAUUSD,SELL,133.0,4091.86,2025-10-15 12:09:59.083
LP_A-E000135,BR700527-1,XAUUSD,BUY,300.0,4092.05,2025-10-15 12:09:59.820
LP_A-E000136,BR700531-1,EURUSD,SELL,23000.0,1.16292,2025-10-15 12:10:09.918
LP_A-E000137,BR700532-2,XAUUSD,SELL,300.0,4091.68,2025-10-15 12:10:12.192
LP_A-E000138,BR700533-1,EURUSD,BUY,495000.0,1.16295,2025-10-15 12:10:13.273
LP_A-E000139,BR700535-2,XAUUSD,BUY,259.0,4091.95,2025-10-15 12:10:17.578
LP_A-E000140,BR700541-1,GBPUSD,SELL,17000.0,1.33536,2025-10-15 12:10:44.444
LP_A-E000141,BR700542-2,EURUSD,BUY,27000.0,1.16299,2025-10-15 12:10:45.326
LP_A-E000142,BR700548-1,EURUSD,BUY,30000.0,1.16307,2025-10-15 12:11:22.802
LP_A-E000143,BR700555-1,XAUUSD,SELL,225.0,4092.17,2025-10-15 12:12:10.964
LP_A-E000144,BR700557-1,EURUSD,SELL,79000.0,1.16304,2025-10-15 12:12:12.052
LP_A-E000145,BR700558-1,EURUSD,SELL,39000.0,1.16304,2025-10-15 12:12:13.795
LP_A-E000146,BR700560-1,EURUSD,SELL,370000.0,1.16305,2025-10-15 12:12:14.928
LP_A-E000147,BR700562-1,EURUSD,BUY,62000.0,1.1631,2025-10-15 12:12:19.821
LP_A-E000148,BR700563-1,GBPUSD,SELL,191000.0,1.33522,2025-10-15 12:12:27.963
LP_A-E000149,BR700564-1,XAUUSD,BUY,212.0,4092.43,2025-10-15 12:12:37.444
LP_A-E000150,BR700567-1,EURUSD,SELL,99000.0,1.16302,2025-10-15 12:13:08.148
LP_A-E000151,BR700579-1,GBPUSD,SELL,48000.0,1.3353,2025-10-15 12:14:14.506
LP_A-E000152,BR700580-1,EURUSD,SELL,27000.0,1.16312,2025-10-15 12:14:21.132
LP_A-E000153,BR700596-2,XAUUSD,SELL,128.0,4091.16,2025-10-15 12:15:45.628
LP_A-E000154,BR700600-1,XAUUSD,SELL,67.0,4091.24,2025-10-15 12:16:04.353
LP_A-E000155,BR700601-1,GBPUSD,SELL,334000.0,1.33532,2025-10-15 12:16:08.719
LP_A-E000156,BR700602-1,GBPUSD,SELL,448000.0,1.33531,2025-10-15 12:16:13.145
LP_A-E000157,BR700606-1,EURUSD,SELL,562000.0,1.16318,2025-10-15 12:16:25.003
LP_A-E000158,BR700609-1,EURUSD,SELL,111000.0,1.16318,2025-10-15 12:16:56.637
LP_A-E000159,BR700614-1,EURUSD,BUY,7000.0,1.16321,2025-10-15 12:17:16.438
LP_A-E000160,BR700616-2,EURUSD,SELL,300000.0,1.16316,2025-10-15 12:17:18.790
LP_A-E000161,BR700617-2,XAUUSD,BUY,81.0,4090.79,2025-10-15 12:17:26.565
LP_A-E000162,BR700618-1,XAUUSD,SELL,212.0,4090.78,2025-10-15 12:17:35.287
LP_A-E000163,BR700620-1,EURUSD,BUY,64000.0,1.16317,2025-10-15 12:17:40.796
LP_A-E000164,BR700622-1,EURUSD,SELL,120000.0,1.16314,2025-10-15 12:17:53.494
LP_A-E000165,BR700625-2,XAUUSD,BUY,190.0,4091.03,2025-10-15 12:18:03.216
LP_A-E000166,BR700633-1,GBPUSD,BUY,107000.0,1.33533,2025-10-15 12:18:52.592
LP_A-E000167,BR700636-2,XAUUSD,SELL,300.0,4090.63,2025-10-15 12:19:07.017
LP_A-E000168,BR700647-1,GBPUSD,BUY,140000.0,1.33533,2025-10-15 12:21:00.837
LP_A-E000169,BR700650-1,EURUSD,SELL,540000.0,1.16309,2025-10-15 12:21:21.833
LP_A-E000170,BR700652-1,XAUUSD,BUY,98.0,4090.25,2025-10-15 12:21:24.773
LP_A-E000171,BR700654-1,EURUSD,SELL,60000.0,1.16306,2025-10-15 12:21:29.647
LP_A-E000172,BR700664-1,XAUUSD,SELL,124.0,4089.93,2025-10-15 12:22:25.289
LP_A-E000173,BR700668-2,XAUUSD,BUY,5.0,4090.08,2025-10-15 12:22:37.502
LP_A-E000174,BR700670-1,EURUSD,SELL,45000.0,1.16312,2025-10-15 12:22:42.164
LP_A-E000175,BR700672-1,GBPUSD,BUY,69000.0,1.3353,2025-10-15 12:22:56.426
LP_A-E000176,BR700674-1,GBPUSD,SELL,40000.0,1.33523,2025-10-15 12:23:01.573
LP_A-E000177,BR700679-2,XAUUSD,SELL,300.0,4089.38,2025-10-15 12:23:11.362
LP_A-E000178,BR700681-1,XAUUSD,SELL,362.0,4089.39,2025-10-15 12:23:27.343
LP_A-E000179,BR700683-1,EURUSD,SELL,114000.0,1.1632,2025-10-15 12:23:50.125
LP_A-E000180,BR700689-1,EURUSD,BUY,280000.0,1.16328,2025-10-15 12:24:42.847
LP_A-E000181,BR700693-1,GBPUSD,BUY,278000.0,1.33535,2025-10-15 12:25:10.984
LP_A-E000182,BR700695-1,XAUUSD,BUY,132.0,4090.14,2025-10-15 12:25:24.909
LP_A-E000183,BR700700-2,XAUUSD,BUY,300.0,4090.2,2025-10-15 12:26:00.913
LP_A-E000184,BR700703-1,XAUUSD,BUY,271.0,4089.87,2025-10-15 12:26:30.552
LP_A-E000185,BR700712-1,GBPUSD,BUY,46000.0,1.33518,2025-10-15 12:27:21.282
LP_A-E000186,BR700715-1,GBPUSD,BUY,312000.0,1.33525,2025-10-15 12:27:41.367
LP_A-E000187,BR700716-3,XAUUSD,BUY,300.0,4090.38,2025-10-15 12:28:00.699
LP_A-E000188,BR700724-2,EURUSD,SELL,165000.0,1.1632,2025-10-15 12:28:27.922
LP_A-E000189,BR700728-1,EURUSD,SELL,15000.0,1.16322,2025-10-15 12:28:33.899
LP_A-E000190,BR700734-1,EURUSD,BUY,129000.0,1.1632,2025-10-15 12:29:13.949
LP_A-E000191,BR700735-1,EURUSD,BUY,244000.0,1.1632,2025-10-15 12:29:23.839
LP_A-E000192,BR700743-2,XAUUSD,BUY,157.5,4095.76,2025-10-15 12:30:04.202
LP_A-E000193,BR700747-2,XAUUSD,BUY,151.0,4095.3,2025-10-15 12:30:07.996
LP_A-E000194,BR700749-2,XAUUSD,SELL,35.0,4094.3,2025-10-15 12:30:09.212
LP_A-E000195,BR700754-3,XAUUSD,BUY,40.0,4095.33,2025-10-15 12:30:11.230
LP_A-E000196,BR700757-2,GBPUSD,BUY,1050000.0,1.33742,2025-10-15 12:30:11.773
LP_A-E000197,BR700760-3,XAUUSD,SELL,46.0,4094.02,2025-10-15 12:30:14.122
LP_A-E000198,BR700764-1,GBPUSD,BUY,20000.0,1.33747,2025-10-15 12:30:22.219
LP_A-E000199,BR700770-2,EURUSD,SELL,62000.0,1.16531,2025-10-15 12:30:31.759
LP_A-E000200,BR700771-2,EURUSD,BUY,196000.0,1.16543,2025-10-15 12:30:32.203
LP_A-E000201,BR700774-2,XAUUSD,BUY,105.0,4096.06,2025-10-15 12:30:35.251
LP_A-E000202,BR700776-1,XAUUSD,SELL,105.0,4095.36,2025-10-15 12:30:35.653
LP_A-E000203,BR700777-2,XAUUSD,BUY,13.5,4095.99,2025-10-15 12:30:37.140
LP_A-E000204,BR700778-2,XAUUSD,SELL,105.0,4095.32,2025-10-15 12:30:37.870
LP_A-E000205,BR700780-2,XAUUSD,SELL,54.0,4095.51,2025-10-15 12:30:40.769
LP_A-E000206,BR700785-1,XAUUSD,BUY,84.0,4095.99,2025-10-15 12:30:44.928
LP_A-E000207,BR700787-2,XAUUSD,BUY,64.0,4096.25,2025-10-15 12:30:46.130
LP_A-E000208,BR700788-2,XAUUSD,SELL,61.0,4095.44,2025-10-15 12:30:47.692
LP_A-E000209,BR700789-1,EURUSD,SELL,127000.0,1.16531,2025-10-15 12:30:47.779
LP_A-E000210,BR700791-2,XAUUSD,SELL,105.0,4095.32,2025-10-15 12:30:49.712
LP_A-E000211,BR700792-1,XAUUSD,BUY,62.0,4095.94,2025-10-15 12:30:49.958
LP_A-E000212,BR700795-2,XAUUSD,BUY,42.5,4095.8,2025-10-15 12:30:52.412
LP_A-E000213,BR700796-2,XAUUSD,SELL,91.0,4095.18,2025-10-15 12:30:53.670
LP_A-E000214,BR700801-3,XAUUSD,BUY,105.0,4094.96,2025-10-15 12:31:10.391
LP_A-E000215,BR700805-2,XAUUSD,SELL,210.0,4094.44,2025-10-15 12:31:25.632
LP_A-E000216,BR700811-2,XAUUSD,BUY,45.0,4094.54,2025-10-15 12:32:00.078
LP_A-E000217,BR700818-1,XAUUSD,BUY,259.0,4094.95,2025-10-15 12:32:31.307
LP_A-E000218,BR700830-2,XAUUSD,BUY,33.0,4095.81,2025-10-15 12:33:22.553
LP_A-E000219,BR700836-1,EURUSD,BUY,49000.0,1.16512,2025-10-15 12:34:36.055
LP_A-E000220,BR700839-2,EURUSD,BUY,890000.0,1.16509,2025-10-15 12:34:45.184
LP_A-E000221,BR700843-2,XAUUSD,BUY,137.0,4096.09,2025-10-15 12:34:56.741
LP_A-E000222,BR700851-1,XAUUSD,SELL,336.0,4095.55,2025-10-15 12:35:34.083
LP_A-E000223,BR700852-1,EURUSD,BUY,36000.0,1.16508,2025-10-15 12:35:42.529
LP_A-E000224,BR700853-1,EURUSD,SELL,55000.0,1.16505,2025-10-15 12:35:58.888
LP_A-E000225,BR700855-1,GBPUSD,SELL,54000.0,1.33783,2025-10-15 12:36:02.058
LP_A-E000226,BR700858-1,EURUSD,SELL,90000.0,1.16505,2025-10-15 12:36:21.071
LP_A-E000227,BR700859-1,EURUSD,BUY,159000.0,1.16508,2025-10-15 12:36:23.019
LP_A-E000228,BR700865-1,EURUSD,SELL,57000.0,1.16506,2025-10-15 12:36:41.671
LP_A-E000229,BR700872-1,GBPUSD,BUY,65000.0,1.33779,2025-10-15 12:37:10.266
LP_A-E000230,BR700874-1,EURUSD,SELL,33000.0,1.16509,2025-10-15 12:37:25.641
LP_A-E000231,BR700877-2,XAUUSD,SELL,322.0,4095.66,2025-10-15 12:37:40.190
LP_A-E000232,BR700878-1,EURUSD,SELL,100000.0,1.16508,2025-10-15 12:37:40.768
LP_A-E000233,BR700881-1,EURUSD,BUY,29000.0,1.16506,2025-10-15 12:37:53.041
LP_A-E000234,BR700883-1,GBPUSD,SELL,235000.0,1.33785,2025-10-15 12:38:10.363
LP_A-E000235,BR700886-2,EURUSD,BUY,18000.0,1.16504,2025-10-15 12:38:35.064
LP_A-E000236,BR700896-1,GBPUSD,SELL,89000.0,1.33786,2025-10-15 12:39:21.644
LP_A-E000237,BR700897-1,GBPUSD,BUY,190000.0,1.3379,2025-10-15 12:39:24.113
LP_A-E000238,BR700899-2,XAUUSD,SELL,77.0,4095.82,2025-10-15 12:39:29.039
LP_A-E000239,BR700904-1,EURUSD,BUY,188000.0,1.16503,2025-10-15 12:40:07.294
LP_A-E000240,BR700908-3,XAUUSD,SELL,71.0,4095.19,2025-10-15 12:40:29.669
LP_A-E000241,BR700916-2,XAUUSD,SELL,300.0,4095.53,2025-10-15 12:40:54.977
LP_A-E000242,BR700917-1,EURUSD,BUY,344000.0,1.16497,2025-10-15 12:41:07.624
LP_A-E000243,BR700919-1,EURUSD,BUY,620000.0,1.16495,2025-10-15 12:41:26.442
LP_A-E000244,BR700920-2,XAUUSD,SELL,300.0,4095.43,2025-10-15 12:41:30.209
LP_A-E000245,BR700922-1,EURUSD,BUY,89000.0,1.16495,2025-10-15 12:41:43.200
LP_A-E000246,BR700927-1,XAUUSD,SELL,300.0,4095.69,2025-10-15 12:41:57.721
LP_A-E000247,BR700928-1,EURUSD,BUY,42000.0,1.16499,2025-10-15 12:42:04.877
LP_A-E000248,BR700936-1,XAUUSD,SELL,124.0,4095.64,2025-10-15 12:42:27.178
LP_A-E000249,BR700939-1,EURUSD,BUY,25000.0,1.16495,2025-10-15 12:42:59.003
LP_A-E000250,BR700951-1,EURUSD,BUY,8000.0,1.16489,2025-10-15 12:44:19.623
LP_A-E000251,BR700956-1,EURUSD,SELL,157000.0,1.16489,2025-10-15 12:44:44.468
LP_A-E000252,BR700960-1,EURUSD,BUY,16000.0,1.16493,2025-10-15 12:44:51.150
LP_A-E000253,BR700966-2,XAUUSD,SELL,77.0,4095.9,2025-10-15 12:45:10.210
LP_A-E000254,BR700973-2,EURUSD,SELL,21000.0,1.16489,2025-10-15 12:45:40.691
LP_A-E000255,BR700977-1,GBPUSD,SELL,34000.0,1.33794,2025-10-15 12:45:49.318
LP_A-E000256,BR700989-1,EURUSD,SELL,16000.0,1.16493,2025-10-15 12:46:43.333
LP_A-E000257,BR700991-2,EURUSD,BUY,102000.0,1.16499,2025-10-15 12:47:29.627
LP_A-E000258,BR700995-2,XAUUSD,SELL,290.0,4095.42,2025-10-15 12:47:36.866
LP_A-E000259,BR700996-1,EURUSD,SELL,19000.0,1.16496,2025-10-15 12:47:39.088
LP_A-E000260,BR700998-2,XAUUSD,SELL,12.0,4095.12,2025-10-15 12:47:49.436
LP_A-E000261,BR701007-1,EURUSD,SELL,511000.0,1.16494,2025-10-15 12:48:48.441
LP_A-E000262,BR701017-2,XAUUSD,BUY,145.0,4095.72,2025-10-15 12:50:11.511
LP_A-E000263,BR701018-1,EURUSD,BUY,205000.0,1.16507,2025-10-15 12:50:11.783
LP_A-E000264,BR701020-1,EURUSD,BUY,310000.0,1.16507,2025-10-15 12:50:25.384
LP_A-E000265,BR701027-3,XAUUSD,BUY,20.0,4095.71,2025-10-15 12:50:47.227
LP_A-E000266,BR701029-1,GBPUSD,BUY,45000.0,1.33828,2025-10-15 12:51:16.555
LP_A-E000267,BR701031-2,EURUSD,BUY,60000.0,1.16508,2025-10-15 12:51:26.743
LP_A-E000268,BR701034-1,XAUUSD,SELL,153.0,4096.08,2025-10-15 12:51:43.491
LP_A-E000269,BR701039-1,GBPUSD,BUY,171000.0,1.33829,2025-10-15 12:52:27.681
LP_A-E000270,BR701044-1,EURUSD,BUY,160000.0,1.16505,2025-10-15 12:52:47.052
LP_A-E000271,BR701045-1,EURUSD,BUY,80000.0,1.16505,2025-10-15 12:52:47.231
LP_A-E000272,BR701046-1,EURUSD,SELL,51000.0,1.16501,2025-10-15 12:52:59.788
LP_A-E000273,BR701054-1,EURUSD,SELL,509000.0,1.16503,2025-10-15 12:53:40.320
LP_A-E000274,BR701055-1,EURUSD,SELL,92000.0,1.16503,2025-10-15 12:53:41.255
LP_A-E000275,BR701056-2,EURUSD,SELL,56000.0,1.16503,2025-10-15 12:53:57.232
LP_A-E000276,BR701062-1,GBPUSD,BUY,81000.0,1.33828,2025-10-15 12:54:18.579
LP_A-E000277,BR701065-2,XAUUSD,BUY,142.0,4097.33,2025-10-15 12:54:22.339
LP_A-E000278,BR701069-2,GBPUSD,BUY,150000.0,1.33836,2025-10-15 12:54:34.825
LP_A-E000279,BR701076-1,XAUUSD,SELL,300.0,4096.87,2025-10-15 12:55:30.842
LP_A-E000280,BR701077-1,XAUUSD,SELL,300.0,4096.59,2025-10-15 12:55:37.163
LP_A-E000281,BR701090-1,XAUUSD,SELL,252.0,4096.31,2025-10-15 12:56:32.775
LP_A-E000282,BR701093-1,EURUSD,SELL,235000.0,1.16503,2025-10-15 12:56:39.358
LP_A-E000283,BR701094-2,XAUUSD,BUY,92.0,4096.34,2025-10-15 12:56:42.097
LP_A-E000284,BR701098-3,XAUUSD,SELL,450.0,4096.24,2025-10-15 12:57:22.285
LP_A-E000285,BR701100-1,GBPUSD,SELL,67000.0,1.33825,2025-10-15 12:57:24.978
LP_A-E000286,BR701101-1,XAUUSD,SELL,300.0,4096.44,2025-10-15 12:57:34.405
LP_A-E000287,BR701105-3,XAUUSD,BUY,280.0,4096.58,2025-10-15 12:58:00.541
LP_A-E000288,BR701110-1,EURUSD,SELL,114000.0,1.16486,2025-10-15 12:58:38.049
LP_A-E000289,BR701118-2,XAUUSD,BUY,32.0,4096.56,2025-10-15 12:59:21.866
LP_A-E000290,BR701119-2,XAUUSD,BUY,300.0,4096.56,2025-10-15 12:59:22.193
LP_A-E000291,BR701123-2,XAUUSD,BUY,24.0,4096.83,2025-10-15 12:59:44.080
LP_A-E000292,BR701132-1,EURUSD,SELL,380000.0,1.16505,2025-10-15 13:00:22.327
LP_A-E000293,BR701134-1,EURUSD,BUY,18000.0,1.16512,2025-10-15 13:00:34.838
LP_A-E000294,BR701135-1,XAUUSD,BUY,33.0,4096.65,2025-10-15 13:00:40.928
LP_A-E000295,BR701146-1,EURUSD,BUY,139000.0,1.16512,2025-10-15 13:01:16.419
LP_A-E000296,BR701148-1,GBPUSD,SELL,55000.0,1.33829,2025-10-15 13:01:23.236
LP_A-E000297,BR701151-1,XAUUSD,BUY,52.0,4096.18,2025-10-15 13:01:35.837
LP_A-E000298,BR701157-1,EURUSD,SELL,157000.0,1.16511,2025-10-15 13:01:48.695
LP_A-E000299,BR701160-1,EURUSD,BUY,269000.0,1.16515,2025-10-15 13:02:09.590
LP_A-E000300,BR701163-1,EURUSD,SELL,353000.0,1.16514,2025-10-15 13:02:29.560
LP_A-E000301,BR701164-1,EURUSD,BUY,29000.0,1.16517,2025-10-15 13:02:32.561
LP_A-E000302,BR701169-2,XAUUSD,SELL,179.0,4095.69,2025-10-15 13:02:46.903
LP_A-E000303,BR701170-1,EURUSD,SELL,29000.0,1.16512,2025-10-15 13:02:47.866
LP_A-E000304,BR701172-2,EURUSD,SELL,32000.0,1.1651,2025-10-15 13:02:52.302
LP_A-E000305,BR701173-2,EURUSD,SELL,81000.0,1.16509,2025-10-15 13:02:54.008
LP_A-E000306,BR701174-1,GBPUSD,BUY,36000.0,1.33833,2025-10-15 13:02:55.156
LP_A-E000307,BR701177-3,XAUUSD,SELL,327.0,4095.26,2025-10-15 13:03:14.126
LP_A-E000308,BR701178-1,EURUSD,SELL,426000.0,1.1651,2025-10-15 13:03:15.933
LP_A-E000309,BR701191-1,XAUUSD,BUY,120.0,4094.9,2025-10-15 13:04:49.275
LP_A-E000310,BR701198-1,GBPUSD,BUY,48000.0,1.33843,2025-10-15 13:05:14.779
LP_A-E000311,BR701200-1,EURUSD,BUY,28000.0,1.16522,2025-10-15 13:05:27.946
LP_A-E000312,BR701203-1,XAUUSD,SELL,176.0,4094.7,2025-10-15 13:05:52.231
LP_A-E000313,BR701220-2,EURUSD,SELL,10000.0,1.16519,2025-10-15 13:07:07.214
LP_A-E000314,BR701222-1,EURUSD,BUY,17000.0,1.16522,2025-10-15 13:07:21.962
LP_A-E000315,BR701231-1,EURUSD,SELL,133000.0,1.16513,2025-10-15 13:08:28.904
LP_A-E000316,BR701239-2,EURUSD,BUY,580000.0,1.16529,2025-10-15 13:09:34.814
LP_A-E000317,BR701243-1,XAUUSD,SELL,86.0,4095.21,2025-10-15 13:09:52.950
LP_A-E000318,BR701247-2,XAUUSD,BUY,37.0,4095.44,2025-10-15 13:10:08.191
LP_A-E000319,BR701250-1,GBPUSD,BUY,36000.0,1.33852,2025-10-15 13:10:27.774
LP_A-E000320,BR701253-2,XAUUSD,BUY,238.0,4095.97,2025-10-15 13:10:46.195
LP_A-E000321,BR701257-1,EURUSD,SELL,213000.0,1.16518,2025-10-15 13:11:07.387
LP_A-E000322,BR701266-1,EURUSD,BUY,635000.0,1.1652,2025-10-15 13:11:46.251
LP_A-E000323,BR701268-1,EURUSD,SELL,582000.0,1.16517,2025-10-15 13:11:47.742
LP_A-E000324,BR701272-1,XAUUSD,BUY,22.0,4096.75,2025-10-15 13:12:09.186
LP_A-E000325,BR701277-2,XAUUSD,BUY,300.0,4096.57,2025-10-15 13:12:35.692
LP_A-E000326,BR701284-3,XAUUSD,BUY,60.0,4096.9,2025-10-15 13:13:02.506
LP_A-E000327,BR701285-1,EURUSD,SELL,256000.0,1.16524,2025-10-15 13:13:02.642
LP_A-E000328,BR701288-1,EURUSD,BUY,78000.0,1.16531,2025-10-15 13:13:15.681
LP_A-E000329,BR701290-1,EURUSD,SELL,162000.0,1.16529,2025-10-15 13:13:29.440
LP_A-E000330,BR701300-1,EURUSD,SELL,194000.0,1.16529,2025-10-15 13:14:17.566
LP_A-E000331,BR701309-1,EURUSD,BUY,42000.0,1.16531,2025-10-15 13:14:39.846
LP_A-E000332,BR701310-1,XAUUSD,BUY,31.0,4096.71,2025-10-15 13:14:41.314
LP_A-E000333,BR701311-2,EURUSD,BUY,74000.0,1.16531,2025-10-15 13:14:44.015
LP_A-E000334,BR701313-1,EURUSD,SELL,960000.0,1.16531,2025-10-15 13:14:46.573
LP_A-E000335,BR701326-2,XAUUSD,SELL,205.0,4096.88,2025-10-15 13:15:48.659
LP_A-E000336,BR701331-1,EURUSD,BUY,24000.0,1.16542,2025-10-15 13:16:09.088
LP_A-E000337,BR701333-1,XAUUSD,BUY,177.0,4097.25,2025-10-15 13:16:12.395
LP_A-E000338,BR701336-3,XAUUSD,SELL,550.0,4097.02,2025-10-15 13:16:26.584
LP_A-E000339,BR701337-1,EURUSD,SELL,16000.0,1.16533,2025-10-15 13:16:34.043
LP_A-E000340,BR701343-1,EURUSD,BUY,172000.0,1.1654,2025-10-15 13:16:57.452
LP_A-E000341,BR701348-1,XAUUSD,BUY,61.0,4097.58,2025-10-15 13:17:22.236
LP_A-E000342,BR701353-1,XAUUSD,SELL,106.0,4097.6,2025-10-15 13:17:48.765
LP_A-E000343,BR701354-1,EURUSD,BUY,185000.0,1.16537,2025-10-15 13:17:49.626
LP_A-E000344,BR701361-2,XAUUSD,SELL,300.0,4097.05,2025-10-15 13:18:27.313
LP_A-E000345,BR701366-1,EURUSD,SELL,444000.0,1.16538,2025-10-15 13:18:53.642
LP_A-E000346,BR701367-2,GBPUSD,SELL,46000.0,1.33845,2025-10-15 13:19:05.130
LP_A-E000347,BR701376-2,XAUUSD,BUY,380.0,4096.9,2025-10-15 13:19:43.372
LP_A-E000348,BR701377-1,GBPUSD,BUY,41000.0,1.33851,2025-10-15 13:19:52.649
LP_A-E000349,BR701378-1,XAUUSD,BUY,129.0,4096.75,2025-10-15 13:19:53.307
LP_A-E000350,BR701385-1,XAUUSD,BUY,450.0,4096.3,2025-10-15 13:20:31.805
LP_A-E000351,BR701386-1,XAUUSD,SELL,65.0,4096.1,2025-10-15 13:20:33.639
LP_A-E000352,BR701390-1,EURUSD,BUY,112000.0,1.16533,2025-10-15 13:21:10.084
LP_A-E000353,BR701396-1,XAUUSD,BUY,228.0,4096.59,2025-10-15 13:21:42.772
LP_A-E000354,BR701404-2,XAUUSD,BUY,10.0,4095.99,2025-10-15 13:22:11.967
LP_A-E000355,BR701405-1,EURUSD,BUY,580000.0,1.16529,2025-10-15 13:22:13.367
LP_A-E000356,BR701407-1,EURUSD,BUY,18000.0,1.16524,2025-10-15 13:22:31.928
LP_A-E000357,BR701410-1,XAUUSD,SELL,68.0,4095.93,2025-10-15 13:22:45.741
LP_A-E000358,BR701415-1,EURUSD,SELL,151000.0,1.16526,2025-10-15 13:22:59.008
LP_A-E000359,BR701420-2,XAUUSD,SELL,46.0,4095.77,2025-10-15 13:23:26.986
LP_A-E000360,BR701422-1,GBPUSD,BUY,53000.0,1.33846,2025-10-15 13:23:29.036
LP_A-E000361,BR701427-1,GBPUSD,SELL,123000.0,1.33848,2025-10-15 13:23:59.579
LP_A-E000362,BR701431-1,XAUUSD,BUY,31.0,4095.59,2025-10-15 13:24:09.027
LP_A-E000363,BR701433-1,GBPUSD,BUY,195000.0,1.33856,2025-10-15 13:24:22.375
LP_A-E000364,BR701434-1,GBPUSD,SELL,66000.0,1.33849,2025-10-15 13:24:22.637
LP_A-E000365,BR701437-1,EURUSD,SELL,460000.0,1.16531,2025-10-15 13:24:30.914
LP_A-E000366,BR701438-2,XAUUSD,SELL,250.0,4095.14,2025-10-15 13:24:38.371
LP_A-E000367,BR701445-1,GBPUSD,SELL,64000.0,1.33857,2025-10-15 13:25:06.761
LP_A-E000368,BR701447-2,EURUSD,SELL,144000.0,1.16533,2025-10-15 13:25:11.983
LP_A-E000369,BR701449-1,EURUSD,BUY,36000.0,1.16537,2025-10-15 13:25:13.056
LP_A-E000370,BR701452-1,GBPUSD,BUY,58000.0,1.33867,2025-10-15 13:25:41.497
LP_A-E000371,BR701453-1,XAUUSD,SELL,47.0,4094.65,2025-10-15 13:25:41.797
LP_A-E000372,BR701455-1,XAUUSD,BUY,107.0,4094.68,2025-10-15 13:25:44.559
LP_A-E000373,BR701458-2,XAUUSD,SELL,186.0,4094.14,2025-10-15 13:25:50.245
LP_A-E000374,BR701461-2,XAUUSD,BUY,69.0,4094.16,2025-10-15 13:26:07.943
LP_A-E000375,BR701462-1,EURUSD,BUY,490000.0,1.16543,2025-10-15 13:26:23.246
LP_A-E000376,BR701467-1,XAUUSD,BUY,16.0,4094.26,2025-10-15 13:26:37.340
LP_A-E000377,BR701475-1,EURUSD,SELL,84000.0,1.16545,2025-10-15 13:27:02.766
LP_A-E000378,BR701478-2,EURUSD,BUY,293000.0,1.1655,2025-10-15 13:27:17.541
LP_A-E000379,BR701482-1,EURUSD,SELL,57000.0,1.16547,2025-10-15 13:27:35.462
LP_A-E000380,BR701486-1,EURUSD,SELL,544000.0,1.1655,2025-10-15 13:27:42.984
LP_A-E000381,BR701491-2,XAUUSD,SELL,600.0,4093.94,2025-10-15 13:28:03.486
LP_A-E000382,BR701493-2,XAUUSD,SELL,28.0,4093.74,2025-10-15 13:28:18.499
LP_A-E000383,BR701494-2,EURUSD,SELL,550000.0,1.16542,2025-10-15 13:28:20.516
LP_A-E000384,BR701495-2,XAUUSD,BUY,450.0,4093.93,2025-10-15 13:28:22.566
LP_A-E000385,BR701496-1,GBPUSD,SELL,712000.0,1.33846,2025-10-15 13:28:27.775
LP_A-E000386,BR701506-1,EURUSD,SELL,96000.0,1.16537,2025-10-15 13:29:24.645
LP_A-E000387,BR701509-1,EURUSD,SELL,900000.0,1.16537,2025-10-15 13:29:31.789
LP_A-E000388,BR701510-3,XAUUSD,BUY,230.0,4093.52,2025-10-15 13:29:38.063
LP_A-E000389,BR701515-1,EURUSD,SELL,86000.0,1.16535,2025-10-15 13:29:52.304
