client_id,group,book
C1001,RAW,A
C1002,STD,B
C1003,STD,A
C1004,STD,B
C1005,RAW,B
C1006,STD,B
C1007,RAW,B
C1008,STD,A
C1009,RAW,B
C1010,RAW,A
C1011,STD,B
C1012,RAW,A
C1013,STD,A
C1014,RAW,B
C1015,STD,B
C1016,STD,A
C1017,STD,B
C1018,RAW,B
C1019,STD,A
C1020,STD,B
C1021,STD,B
C1022,STD,B
C1023,RAW,B
C1024,STD,B
C1025,STD,B
C1026,RAW,B
C1027,STD,B
C1028,STD,A
C1029,STD,B
C1030,STD,A
C1031,STD,A
C1032,STD,B
C1033,STD,B
C1034,RAW,B
C1035,STD,B
C1036,STD,B
C1037,STD,A
C1038,RAW,B
C1039,STD,B
C1040,STD,A
C1041,RAW,A
C1042,STD,A
C1043,STD,A
C1044,STD,A
C1045,RAW,B
C1046,STD,A
C1047,STD,A
C1048,STD,B
C1049,STD,A
C1050,STD,A
C1051,STD,A
C1052,RAW,A
C1053,STD,B
C1054,RAW,A
C1055,STD,A
C1056,RAW,A
C1057,STD,B
C1058,RAW,B
C1059,STD,B
C1060,STD,B
